player_id,season,snapshot_date,games_played,minutes_avg,points_avg,assists_avg,rebounds_avg,fg_pct,three_pt_made_avg,three_pt_attempt_avg,three_pt_pct,ft_made_avg,ft_attempt_avg,ft_pct,steals_avg,blocks_avg
3945274,2025-2026,2026-01-22,34.0,36.294117,33.47059,10.5,22.470589,46.72800064086914,3.4411764,10.205882,33.717578649520874,9.029411,11.470589,78.71800231933594,1.5588236,0.5294118
4278073,2025-2026,2026-01-22,43.0,33.34884,31.95349,10.930233,19.697674,55.4900016784668,1.9302325,4.837209,39.90384638309479,8.16279,9.16279,89.08599853515625,1.3255814,0.7906977
4431678,2025-2026,2026-01-22,40.0,39.45,29.975,10.5,22.375,46.926998138427734,3.55,8.95,39.66480493545532,5.425,6.175,87.85399627685547,2.075,0.975
4594268,2025-2026,2026-01-22,35.0,35.17143,29.885714,10.257143,20.542856,49.93000030517578,3.5428572,8.571428,41.333332657814026,5.8285713,7.3428574,79.37699890136719,1.3142858,0.8
3917376,2025-2026,2026-01-22,40.0,34.125,29.8,10.9,22.35,48.77000045776367,2.15,5.9,36.44067943096161,5.85,7.4,79.05400085449219,1.0,0.4
3112335,2025-2026,2026-01-22,32.0,34.5625,29.625,10.59375,17.5,60.5359992980957,2.09375,4.8125,43.50649416446686,6.34375,7.4375,85.29399871826172,1.375,0.75
3908809,2025-2026,2026-01-22,41.0,34.07317,28.853659,9.97561,20.658537,48.28799819946289,3.7804878,9.902439,38.17734122276306,5.121951,6.097561,84.0,1.4878049,0.24390244
4066336,2025-2026,2026-01-22,33.0,35.969696,27.939394,9.515152,19.69697,48.30799865722656,2.909091,7.969697,36.50190234184265,6.0,6.787879,88.39299774169922,1.030303,0.4848485
3934672,2025-2026,2026-01-22,39.0,34.358974,27.871796,9.974359,20.871796,47.78900146484375,2.897436,7.6410255,37.919461727142334,5.025641,5.8974357,85.21700286865234,0.6666667,0.07692308
3975,2025-2026,2026-01-22,35.0,31.6,27.057142,8.942857,19.114286,46.7859992980957,4.457143,11.514286,38.70967626571655,4.714286,5.0857143,92.6969985961914,1.0857143,0.42857143
4683021,2025-2026,2026-01-22,41.0,35.26829,26.170732,7.97561,16.975609,46.983001708984375,2.292683,6.4634147,35.47169864177704,7.9268293,9.853659,80.44599914550781,0.85365856,0.6097561
3992,2025-2026,2026-01-22,40.0,35.65,26.0,7.525,17.775,42.334999084472656,3.075,9.0,34.166666865348816,7.875,8.775,89.74400329589844,1.25,0.35
3936299,2025-2026,2026-01-22,40.0,35.425,26.0,9.275,18.95,48.94499969482422,3.4,7.575,44.884487986564636,4.05,4.525,89.50299835205078,1.0,0.325
3202,2025-2026,2026-01-22,39.0,36.564102,25.871796,9.102564,17.820513,51.07899856567383,2.1794872,5.5128207,39.5348846912384,5.4871793,6.179487,88.7969970703125,0.74358976,0.94871795
4432166,2025-2026,2026-01-22,36.0,35.444443,25.666666,8.861111,19.583334,45.24800109863281,1.9444444,5.9444447,32.710281014442444,6.0,7.2777777,82.44300079345703,1.4444444,0.8333333
3136193,2025-2026,2026-01-22,40.0,34.125,25.3,8.3,18.325,45.292999267578125,1.625,5.375,30.2325576543808,7.075,8.2,86.27999877929688,0.9,0.3
4278104,2025-2026,2026-01-22,34.0,32.941177,25.264706,8.970589,18.647058,48.106998443603516,3.764706,9.5,39.6284818649292,3.5588236,4.2058825,84.61499786376953,1.0294118,0.20588236
4433627,2025-2026,2026-01-22,43.0,34.395348,24.39535,7.6511626,16.67442,45.88600158691406,2.6046512,6.9302325,37.58389353752136,6.4883723,7.1860466,90.29100036621094,1.0465117,0.27906978
3149673,2025-2026,2026-01-22,43.0,33.837208,23.83721,8.930233,18.465117,48.362998962402344,1.8604652,4.8139534,38.64734172821045,4.116279,6.0465117,68.0770034790039,1.1627907,0.41860464
2595516,2025-2026,2026-01-22,38.0,30.947369,23.657894,7.9210525,16.342106,48.470001220703125,3.0526316,7.3421054,41.577062010765076,4.763158,5.631579,84.5790023803711,1.2105263,0.21052632
4701230,2025-2026,2026-01-22,42.0,35.54762,23.166666,8.595238,16.833334,51.06100082397461,1.6428572,4.595238,35.75129508972168,4.3333335,5.5,78.78800201416016,1.2380953,0.5
3064514,2025-2026,2026-01-22,44.0,33.704544,22.386364,7.75,15.772727,49.1349983215332,1.5681819,4.7045455,33.33333432674408,5.318182,6.590909,80.69000244140625,1.1136364,0.20454545
4397688,2025-2026,2026-01-22,42.0,35.666668,22.047619,7.7619047,15.785714,49.16999816894531,3.1190476,8.142858,38.30409348011017,3.4047618,3.7857144,89.93699645996094,1.5476191,0.2857143
3913176,2025-2026,2026-01-22,44.0,34.0,21.772728,8.090909,17.181818,47.09000015258789,1.8181819,4.9772725,36.52968108654022,3.7727273,4.5,83.83799743652344,0.77272725,0.75
4914336,2025-2026,2026-01-22,40.0,29.975,21.75,8.125,17.9,45.39099884033203,2.025,6.05,33.47107470035553,3.475,4.475,77.65399932861328,1.475,0.125
4871144,2025-2026,2026-01-22,34.0,34.235294,21.529411,8.382353,16.411764,51.075000762939446,0.64705884,2.1764705,29.729729890823364,4.117647,5.8235292,70.70700073242188,1.4411764,1.0
4432573,2025-2026,2026-01-22,32.0,33.90625,20.90625,7.125,15.75,45.237998962402344,1.0,3.71875,26.89075767993927,5.65625,7.4375,76.05000305175781,0.6875,0.6875
3136195,2025-2026,2026-01-22,41.0,32.02439,20.804878,6.780488,14.463414,46.880001068115234,1.7073171,4.707317,36.269429326057434,5.5365853,6.4390244,85.98500061035156,0.9268293,0.6585366
3155526,2025-2026,2026-01-22,38.0,30.763159,20.473684,7.4736843,16.947369,44.0989990234375,2.4736843,7.131579,34.68634784221649,3.0526316,3.5789473,85.29399871826172,1.0789474,0.10526316
4278039,2025-2026,2026-01-22,44.0,32.93182,20.454546,7.0,15.772727,44.380001068115234,3.090909,8.159091,37.883007526397705,3.3636363,3.8636363,87.05899810791016,1.0681819,0.6136364
4066259,2025-2026,2026-01-22,35.0,32.45714,20.171429,7.457143,15.8,47.196998596191406,2.0285714,5.9428573,34.13461446762085,3.2285714,4.0571427,79.5770034790039,1.3142858,0.25714287
6430,2025-2026,2026-01-22,38.0,31.105263,20.0,6.3157897,12.157895,51.948001861572266,0.84210527,2.2368422,37.64705955982208,6.5263157,7.5526314,86.41100311279297,1.4473684,0.21052632
4433134,2025-2026,2026-01-22,45.0,34.577778,19.8,7.733333,15.355556,50.36199951171875,1.0222223,3.2,31.94444477558136,3.3111112,4.0,82.77799987792969,1.3555555,1.3333334
3064440,2025-2026,2026-01-22,33.0,32.545456,19.757576,6.969697,14.333333,48.625999450683594,2.6969697,6.757576,39.91031348705292,3.121212,3.6060605,86.55500030517578,0.6666667,0.27272728
4432816,2025-2026,2026-01-22,34.0,27.294117,19.382353,6.7941175,16.794117,40.45500183105469,3.3235295,9.264706,35.873016715049744,2.4705882,2.7941177,88.4209976196289,1.2058823,0.23529412
5061575,2025-2026,2026-01-22,43.0,32.302326,19.093023,6.6511626,13.744186,48.393001556396484,3.372093,7.883721,42.77286231517792,2.4186046,2.6976745,89.65499877929688,0.6744186,0.23255815
4066383,2025-2026,2026-01-22,43.0,32.88372,18.906977,6.6976743,15.046512,44.51300048828125,2.2558138,6.744186,33.44827592372894,3.2558138,3.860465,84.33699798583984,0.4883721,0.4883721
4066320,2025-2026,2026-01-22,42.0,33.88095,18.857143,6.857143,15.285714,44.86000061035156,1.6428572,4.928571,33.33333432674408,3.5,3.7619047,93.03800201416016,0.8095238,0.54761904
3978,2025-2026,2026-01-22,45.0,33.555557,18.844444,6.733333,13.311111,50.58399963378907,0.75555557,2.1111112,35.789474844932556,4.6222224,5.288889,87.3949966430664,1.4,0.24444444
5041939,2025-2026,2026-01-22,41.0,33.92683,18.780487,7.1707315,15.0,47.80500030517578,0.9756098,3.4146342,28.57142984867096,3.4634147,4.292683,80.68199920654297,1.2682927,0.7804878
4277961,2025-2026,2026-01-22,40.0,30.5,18.725,6.975,14.475,48.1870002746582,1.675,4.55,36.81318759918213,3.1,4.025,77.01899719238281,0.925,1.475
4684740,2025-2026,2026-01-22,41.0,37.17073,18.512196,7.1463413,13.95122,51.22399902343751,0.3902439,2.0,19.512194395065308,3.8292682,4.804878,79.69499969482422,1.3170732,0.5609756
2490149,2025-2026,2026-01-22,41.0,30.219513,18.487804,6.756098,15.121951,44.676998138427734,2.5365853,6.780488,37.41007149219513,2.4390244,3.1463416,77.51899719238281,0.70731705,0.34146342
4433621,2025-2026,2026-01-22,35.0,28.342857,17.828571,7.0,11.114285,62.981998443603516,0.0,0.0,0.0,3.8285713,5.3428574,71.65799713134766,0.9142857,0.9142857
4433255,2025-2026,2026-01-22,39.0,29.102564,17.820513,6.717949,11.743589,57.205001831054695,1.3846154,3.6410255,38.02816867828369,3.0,3.9230769,76.47100067138672,0.5897436,1.9743589
4432158,2025-2026,2026-01-22,39.0,33.25641,17.692308,6.794872,13.179487,51.555999755859375,1.1794872,3.7179487,31.7241370677948,2.9230769,4.5897436,63.6870002746582,0.974359,1.9230769
3078576,2025-2026,2026-01-22,42.0,34.07143,17.619047,6.047619,15.452381,39.137001037597656,2.9285715,9.071428,32.28346407413483,2.5952382,2.9285715,88.61799621582031,1.2619047,1.5
4395712,2025-2026,2026-01-22,35.0,31.914286,17.4,6.0857143,13.685715,44.46799850463867,1.8,5.0571427,35.593220591545105,3.4285715,4.2,81.63300323486328,0.9142857,0.14285715
5160992,2025-2026,2026-01-22,33.0,27.818182,17.242424,6.939394,13.727273,50.551998138427734,0.969697,2.7878788,34.78260934352875,2.3939395,3.4242425,69.91200256347656,0.75757575,2.1515152
4066261,2025-2026,2026-01-22,36.0,30.75,17.194445,6.2222223,13.972222,44.53300094604492,1.5277778,4.25,35.94771325588226,3.2222223,4.1944447,76.82099914550781,0.9166667,0.75
6478,2025-2026,2026-01-22,42.0,30.714285,17.0,7.047619,13.880953,50.77199935913086,1.7380953,4.6904764,37.055838108062744,1.1666666,1.4523809,80.3280029296875,0.6666667,0.64285713
4845367,2025-2026,2026-01-22,35.0,30.828571,16.942858,5.6857142,12.514286,45.433998107910156,1.1142857,3.9714286,28.057554364204407,4.457143,6.1714287,72.22200012207031,1.2571429,0.2857143
4395724,2025-2026,2026-01-22,43.0,32.511627,16.906977,5.8139534,13.372093,43.47800064086914,2.5348837,7.0697675,35.855263471603394,2.7441862,3.372093,81.37899780273438,1.1860465,0.11627907
4066354,2025-2026,2026-01-22,42.0,32.690475,16.452381,6.142857,13.738095,44.7140007019043,2.452381,7.285714,33.66013169288635,1.7142857,1.9761904,86.74700164794922,0.85714287,0.11904762
4431680,2025-2026,2026-01-22,44.0,31.977272,16.136364,6.0227275,12.522727,48.09400177001953,1.9772727,5.431818,36.40167415142059,2.1136363,2.7272727,77.5,1.1818181,0.97727275
4591725,2025-2026,2026-01-22,43.0,31.511627,16.023256,6.116279,13.27907,46.060001373291016,2.2325583,5.6976743,39.18367326259613,1.5581396,2.0465117,76.13600158691406,1.5116279,0.41860464
4712849,2025-2026,2026-01-22,42.0,30.571428,15.904762,5.7380953,12.285714,46.70500183105469,1.6190476,4.5238094,35.789474844932556,2.8095238,3.857143,72.83999633789062,1.2857143,0.64285713
3059319,2025-2026,2026-01-22,40.0,31.575,15.9,6.1,13.05,46.74300003051758,1.925,4.825,39.896371960639954,1.775,2.275,78.02200317382812,1.15,1.025
5124612,2025-2026,2026-01-22,38.0,35.763157,15.815789,5.868421,13.684211,42.8849983215332,2.1842105,5.8421054,37.387385964393616,1.8947369,2.4736843,76.59600067138672,1.5,0.5263158
3147657,2025-2026,2026-01-22,44.0,34.68182,15.772727,6.340909,12.590909,50.361000061035156,2.25,5.6363635,39.919355511665344,0.84090906,1.0681819,78.7229995727539,1.5909091,0.8863636
4432848,2025-2026,2026-01-22,39.0,28.846153,15.641026,6.3333335,12.128205,52.220001220703125,0.4871795,1.7435898,27.941176295280457,2.4871795,3.3589745,74.0459976196289,0.82051283,0.20512821
3468,2025-2026,2026-01-22,45.0,29.8,15.577778,5.7555556,13.111111,43.89799880981445,2.0222223,5.733333,35.27131676673889,2.0444446,2.9555554,69.1729965209961,1.4222223,0.17777778
3934719,2025-2026,2026-01-22,34.0,32.67647,15.5,5.3235292,11.764706,45.25,1.8529412,5.470588,33.8709682226181,3.0,3.735294,80.31500244140625,1.6764706,0.7058824
5174563,2025-2026,2026-01-22,33.0,31.242424,15.454545,5.6363635,12.151515,46.38399887084961,2.2121212,5.5454545,39.89070951938629,1.969697,2.6060605,75.58100128173828,1.060606,0.8787879
4432639,2025-2026,2026-01-22,40.0,34.85,15.45,5.575,12.9,43.21699905395508,2.25,6.325,35.57312190532684,2.05,2.775,73.8740005493164,0.725,0.85
4397136,2025-2026,2026-01-22,39.0,29.820513,15.205129,5.25641,11.897436,44.180999755859375,1.5897436,4.974359,31.95876181125641,3.102564,3.7692308,82.31300354003906,0.9230769,0.051282052
4431671,2025-2026,2026-01-22,42.0,32.166668,15.047619,5.714286,11.142858,51.28200149536133,1.3809524,3.3809524,40.84506928920746,2.2380953,2.6666667,83.92900085449219,1.1190476,0.95238096
4395630,2025-2026,2026-01-22,32.0,31.875,15.0,5.25,12.4375,42.21099853515625,2.65625,7.0,37.94642984867096,1.84375,2.125,86.76499938964844,0.90625,0.46875
4711294,2025-2026,2026-01-22,43.0,27.860466,14.976745,5.418605,11.302325,47.94200134277344,1.8372093,5.2093024,35.26785671710968,2.3023255,2.9767442,77.34400177001953,0.7209302,1.4418604
4277811,2025-2026,2026-01-22,35.0,23.257143,14.8,5.0285716,10.342857,48.61899948120117,1.2571429,3.4,36.97479069232941,3.4857142,4.0,87.14299774169922,0.7714286,0.14285715
4017837,2025-2026,2026-01-22,37.0,31.216217,14.756757,6.324324,10.459459,60.46500015258789,0.0,0.0,0.0,2.108108,2.9189188,72.22200012207031,0.3783784,0.9189189
4278078,2025-2026,2026-01-22,31.0,31.35484,14.645162,5.483871,12.064516,45.45500183105469,1.2903225,4.16129,31.00775182247162,2.387097,3.483871,68.51899719238281,1.032258,1.3870968
4397002,2025-2026,2026-01-22,37.0,26.135136,14.621622,5.4054055,10.432432,51.812999725341804,1.918919,4.1621623,46.10389471054077,1.8918918,2.1891892,86.41999816894531,0.7567568,0.27027026
4396971,2025-2026,2026-01-22,44.0,26.204546,14.477273,5.409091,11.522727,46.94300079345703,2.4318182,6.2727275,38.768115639686584,1.2272727,1.5681819,78.26100158691406,0.8863636,0.84090906
4278594,2025-2026,2026-01-22,44.0,28.90909,14.181818,5.2272725,9.681818,53.9910011291504,0.8863636,2.909091,30.46875,2.840909,3.6363637,78.125,1.0909091,0.09090909
4900671,2025-2026,2026-01-22,43.0,26.255814,14.093023,5.162791,10.604651,48.683998107910156,1.1162791,3.1860466,35.036495327949524,2.6511629,3.0465117,87.02300262451172,1.4186046,0.3255814
4903027,2025-2026,2026-01-22,39.0,26.589743,14.051282,5.076923,10.717949,47.36800003051758,1.5641025,4.5384617,34.46327745914459,2.3333333,2.7435896,85.0469970703125,0.5641026,0.35897437
4576087,2025-2026,2026-01-22,42.0,29.690475,13.976191,5.071429,10.071428,50.35499954223632,1.3809524,3.4285715,40.27777910232544,2.452381,3.357143,73.05000305175781,1.0476191,1.0476191
4593125,2025-2026,2026-01-22,41.0,27.975609,13.97561,5.292683,11.073171,47.797000885009766,1.6341463,4.6829267,34.89583432674408,1.7560976,2.609756,67.29000091552734,0.8780488,0.70731705
4278129,2025-2026,2026-01-22,37.0,29.081081,13.945946,6.4054055,9.351352,68.49700164794922,0.0,0.0,0.0,1.1351352,1.7837838,63.63600158691406,0.7027027,0.972973
2528210,2025-2026,2026-01-22,43.0,27.372093,13.930233,4.5581393,10.093023,45.1609992980957,2.8139534,7.023256,40.066224336624146,2.0,2.2325583,89.58300018310547,0.4883721,0.1627907
5144091,2025-2026,2026-01-22,46.0,26.391304,13.891304,5.2608695,12.086957,43.525001525878906,1.0217391,3.1956522,31.972789764404297,2.347826,2.9130435,80.59700012207031,1.2173913,0.23913044
4065732,2025-2026,2026-01-22,40.0,26.55,13.875,4.675,11.075,42.21200180053711,1.675,5.475,30.59360682964325,2.85,3.25,87.69200134277344,0.65,0.15
4351851,2025-2026,2026-01-22,43.0,24.209303,13.860465,4.9302325,11.232558,43.891998291015625,2.6046512,6.5116277,40.00000059604645,1.3953488,1.5581396,89.552001953125,0.4651163,0.11627907
4397014,2025-2026,2026-01-22,40.0,31.2,13.75,4.375,10.1,43.31700134277344,2.075,5.85,35.470086336135864,2.925,3.4,86.02899932861328,1.025,0.45
4683747,2025-2026,2026-01-22,40.0,27.45,13.525,5.175,10.05,51.49300003051758,2.0,4.4,45.45454680919647,1.175,1.575,74.60299682617188,0.975,0.475
4066328,2025-2026,2026-01-22,33.0,26.939394,13.484848,5.2727275,8.909091,59.18399810791015,0.030303031,0.21212122,14.28571492433548,2.909091,3.8181818,76.19000244140625,0.93939394,0.7878788
4278585,2025-2026,2026-01-22,44.0,28.113636,13.386364,4.681818,10.568182,44.30099868774414,2.909091,6.8863635,42.24422574043274,1.1136364,1.3181819,84.48300170898438,1.4090909,0.27272728
4395723,2025-2026,2026-01-22,44.0,23.818182,13.272727,4.9772725,8.886364,56.0099983215332,1.25,3.0454545,41.044774651527405,2.0681818,2.6363637,78.447998046875,0.72727275,0.11363637
3908845,2025-2026,2026-01-22,40.0,27.35,13.25,5.125,9.225,55.555999755859375,1.375,3.2,42.96875,1.625,2.025,80.24700164794922,0.875,0.9
3934673,2025-2026,2026-01-22,44.0,31.818182,13.227273,4.4545455,10.75,41.4379997253418,3.0454545,8.113636,37.5350147485733,1.2727273,1.6590909,76.71199798583984,1.3181819,0.45454547
3064482,2025-2026,2026-01-22,43.0,23.627907,13.16279,5.255814,10.72093,49.02399826049805,1.9534883,4.1860466,46.666666865348816,0.6976744,0.9302326,75.0,0.55813956,0.1627907
4431823,2025-2026,2026-01-22,33.0,28.030304,13.121212,4.5454545,10.30303,44.11800003051758,3.030303,6.939394,43.668121099472046,1.0,1.1818181,84.61499786376953,0.7878788,0.18181819
4712896,2025-2026,2026-01-22,42.0,28.428572,13.071428,3.9761906,10.214286,38.928001403808594,2.0714285,6.4761906,31.985294818878174,3.047619,3.8095238,80.0,0.78571427,0.8095238
4711272,2025-2026,2026-01-22,41.0,25.024391,12.95122,4.780488,10.756098,44.444000244140625,2.5365853,6.195122,40.94488322734833,0.85365856,1.1219512,76.08699798583984,1.4146341,0.5365854
4431736,2025-2026,2026-01-22,44.0,33.772728,12.886364,4.568182,10.704545,42.67499923706055,2.4772727,7.1363635,34.71337556838989,1.2727273,1.7954545,70.88600158691406,0.97727275,0.47727272
4432582,2025-2026,2026-01-22,40.0,29.1,12.85,4.375,8.975,48.74700164794922,2.525,5.5,45.9090918302536,1.575,1.85,85.13500213623047,0.5,0.35
4278067,2025-2026,2026-01-22,40.0,29.575,12.625,5.1,8.75,58.2859992980957,0.05,0.3,16.66666716337204,2.375,3.7,64.18900299072266,0.725,1.375
3032979,2025-2026,2026-01-22,35.0,26.342857,12.542857,4.285714,10.428572,41.09600067138672,1.3714286,4.0857143,33.56643319129944,2.6,3.2285714,80.53099822998047,0.7714286,0.14285715
3134907,2025-2026,2026-01-22,41.0,26.024391,12.487804,4.731707,9.560976,49.4900016784668,0.902439,2.878049,31.355932354927063,2.121951,2.8292682,75.0,0.63414633,0.5121951
4277847,2025-2026,2026-01-22,40.0,30.325,12.475,4.4,8.6,51.1629981994629,1.225,3.4,36.02941036224365,2.45,3.2,76.56300354003906,0.7,0.75
4869780,2025-2026,2026-01-22,45.0,25.977777,12.466666,4.8444443,9.8,49.43299865722656,0.17777778,0.93333334,19.0476194024086,2.6,3.3333333,78.0,1.0222223,0.93333334
5238230,2025-2026,2026-01-22,35.0,24.742857,12.4,4.5142856,10.114285,44.632999420166016,2.057143,5.257143,39.13043439388275,1.3142858,1.4857143,88.46199798583984,0.6857143,0.31428573
4395626,2025-2026,2026-01-22,37.0,26.837837,12.378378,4.3513513,7.972973,54.57600021362305,0.5405405,1.6756756,32.258063554763794,3.1351352,3.6756756,85.29399871826172,1.3243244,0.1891892
4709138,2025-2026,2026-01-22,45.0,26.666666,12.266666,4.3555555,9.311111,46.77799987792969,1.8444444,4.6,40.096619725227356,1.7111111,2.3111112,74.03800201416016,1.0888889,0.17777778
3133628,2025-2026,2026-01-22,41.0,28.317074,12.243902,3.9756098,9.439024,42.11899948120117,2.2439024,5.756098,38.98304998874664,2.0487804,2.707317,75.6760025024414,0.63414633,1.4634147
3157465,2025-2026,2026-01-22,40.0,28.925,12.2,4.075,9.225,44.17300033569336,2.95,7.25,40.689656138420105,1.1,1.475,74.57599639892578,0.725,0.35
4066262,2025-2026,2026-01-22,37.0,22.108109,12.189189,4.3783784,9.810811,44.62799835205078,1.945946,4.6216216,42.105263471603394,1.4864864,1.7297298,85.93800354003906,0.6486486,0.35135135
4701232,2025-2026,2026-01-22,39.0,23.948717,12.153846,4.717949,7.1538463,65.94999694824219,0.025641026,0.025641026,100.0,2.6923077,3.4358974,78.35800170898438,1.051282,1.0256411
4397040,2025-2026,2026-01-22,38.0,22.052631,12.052631,4.236842,9.447369,44.84700012207031,0.5,2.5526316,19.587628543376923,3.0789473,3.9210527,78.52300262451172,1.1315789,0.23684211
6475,2025-2026,2026-01-22,41.0,22.146341,12.02439,4.243902,10.878049,39.01300048828125,2.9756098,7.8292685,38.00623118877411,0.5609756,0.75609756,74.19400024414062,0.4390244,0.36585367
4066648,2025-2026,2026-01-22,32.0,30.6875,12.0,4.6875,9.3125,50.33599853515624,1.71875,4.03125,42.635658383369446,0.90625,1.1875,76.31600189208984,0.59375,0.25
3062679,2025-2026,2026-01-22,33.0,30.333334,11.969697,4.5151515,9.060606,49.83300018310547,1.5757576,3.939394,40.00000059604645,1.3636364,1.7272727,78.9469985961914,1.2424242,0.3030303
5112087,2025-2026,2026-01-22,42.0,27.047619,11.880953,4.071429,10.119047,40.23500061035156,1.7142857,5.2619047,32.57918655872345,2.0238094,2.5952382,77.98200225830078,0.85714287,0.071428575
4433083,2025-2026,2026-01-22,41.0,23.731707,11.780488,3.8292682,8.04878,47.57600021362305,2.2682927,4.9512196,45.812806487083435,1.8536586,2.0,92.68299865722656,0.70731705,0.048780486
5105839,2025-2026,2026-01-22,41.0,20.926828,11.707317,4.1463413,9.097561,45.57600021362305,1.6341463,4.97561,32.84313678741455,1.7804878,2.0487804,86.90499877929688,0.68292683,0.12195122
4869342,2025-2026,2026-01-22,44.0,34.06818,11.636364,5.159091,10.409091,49.5629997253418,0.1590909,1.4545455,10.9375,1.1590909,1.8636364,62.19499969482422,1.8863636,0.45454547
5105623,2025-2026,2026-01-22,43.0,23.790697,11.627907,4.604651,8.5348835,53.95100021362305,1.1860465,2.860465,41.46341383457184,1.2325581,1.5116279,81.53800201416016,0.8604651,1.1162791
4592479,2025-2026,2026-01-22,44.0,28.545454,11.590909,3.7272727,8.818182,42.268001556396484,2.5227273,6.75,37.37373650074005,1.6136364,1.9545455,82.55799865722656,0.8636364,0.38636363
4066372,2025-2026,2026-01-22,38.0,24.157894,11.473684,4.394737,9.526316,46.132999420166016,1.6315789,5.2105265,31.313130259513855,1.0526316,1.3684211,76.9229965209961,0.81578946,0.6052632
5105565,2025-2026,2026-01-22,40.0,27.375,11.325,4.325,8.05,53.72700119018554,0.9,2.9,31.034481525421143,1.775,2.65,66.98100280761719,0.45,1.275
3146557,2025-2026,2026-01-22,40.0,22.925,11.3,4.375,8.4,52.08300018310547,1.125,2.825,39.823007583618164,1.425,2.125,67.05899810791016,0.525,0.5
5211175,2025-2026,2026-01-22,36.0,24.63889,11.194445,4.3333335,9.388889,46.15399932861328,1.5833334,4.4166665,35.84905564785004,0.9444444,1.4722222,64.1510009765625,0.8888889,0.5277778
4433144,2025-2026,2026-01-22,36.0,21.88889,11.055555,4.0555553,10.361111,39.141998291015625,2.0555556,6.25,32.88888931274414,0.8888889,1.1944444,74.41899871826172,0.6111111,0.11111111
3032976,2025-2026,2026-01-22,42.0,31.642857,10.976191,4.547619,6.3333335,71.80500030517578,0.0,0.023809524,0.0,1.8809524,3.7857144,49.68600082397461,0.6904762,1.7142857
6578,2025-2026,2026-01-22,44.0,28.386364,10.909091,3.75,8.613636,43.5359992980957,1.8863636,5.181818,36.403509974479675,1.5227273,1.75,87.01300048828125,0.75,0.1590909
4278580,2025-2026,2026-01-22,44.0,21.772728,10.909091,4.159091,7.8863635,52.737998962402344,1.2954545,3.4545455,37.5,1.2954545,1.7272727,75.0,0.6818182,0.59090906
3102530,2025-2026,2026-01-22,34.0,26.088236,10.882353,4.382353,8.558824,51.202999114990234,0.5882353,1.617647,36.36363744735718,1.5294118,2.735294,55.91400146484376,1.3529412,0.44117647
4684742,2025-2026,2026-01-22,38.0,26.0,10.868421,4.4210525,8.710526,50.755001068115234,0.13157895,0.5,26.31579041481018,1.8947369,3.3421052,56.693000793457024,1.6578947,0.81578946
4432171,2025-2026,2026-01-22,43.0,24.418604,10.651163,3.6046512,8.44186,42.70000076293945,2.1860466,5.581395,39.16666805744171,1.255814,1.5813954,79.41200256347656,0.90697676,0.60465115
5037871,2025-2026,2026-01-22,34.0,21.529411,10.558824,4.2058825,9.617647,43.73099899291992,0.64705884,2.6470587,24.444444477558136,1.5,2.0294118,73.91300201416016,0.9117647,0.20588236
4397475,2025-2026,2026-01-22,40.0,29.525,10.5,3.425,7.7,44.48099899291992,3.05,6.975,43.72759759426117,0.6,0.75,80.0,0.6,0.075
4873138,2025-2026,2026-01-22,37.0,24.27027,10.486486,4.189189,9.486486,44.15999984741211,1.4324324,4.1621623,34.41558480262756,0.6756757,0.9459459,71.42900085449219,0.7027027,0.4054054
2583632,2025-2026,2026-01-22,44.0,29.34091,10.454545,3.6363637,8.431818,43.12699890136719,2.909091,6.9545455,41.830065846443176,0.27272728,0.4318182,63.15800094604492,1.1590909,0.29545453
4397424,2025-2026,2026-01-22,41.0,24.853659,10.365853,4.390244,6.6829267,65.69300079345703,0.0,0.09756097,0.0,1.5853659,2.4390244,65.0,0.8780488,1.3170732
5175643,2025-2026,2026-01-22,37.0,24.567568,10.2972975,3.5135136,8.72973,40.24800109863281,2.4324324,6.135135,39.647576212882996,0.8378378,1.0,83.78399658203125,0.8648649,0.3243243
4432810,2025-2026,2026-01-22,38.0,23.5,10.052631,3.8421052,7.2894735,52.70800018310546,0.8684211,2.4473684,35.48386991024017,1.5,2.0263157,74.0260009765625,0.2631579,2.0
2990992,2025-2026,2026-01-22,33.0,28.424242,10.0,3.2424242,7.969697,40.683998107910156,1.6666666,5.090909,32.73809552192688,1.8484849,2.090909,88.40599822998047,1.3636364,0.33333334
4898371,2025-2026,2026-01-22,37.0,23.35135,10.0,4.2702703,7.8378377,54.48300170898438,0.24324325,0.8108108,30.000001192092896,1.2162162,1.7027028,71.42900085449219,0.43243244,0.4864865
4277848,2025-2026,2026-01-22,36.0,19.333334,9.972222,3.9722223,6.4166665,61.904998779296875,0.19444445,0.5,38.88888955116272,1.8333334,2.5833333,70.96800231933594,0.5277778,0.7222222
2530530,2025-2026,2026-01-22,32.0,17.15625,9.71875,4.5,8.40625,53.53200149536133,0.34375,1.0625,32.35294222831726,0.375,0.40625,92.30799865722656,1.15625,0.21875
4845374,2025-2026,2026-01-22,42.0,28.309525,9.690476,3.357143,8.333333,40.2859992980957,2.0,4.8333335,41.37931168079376,0.97619045,1.3095238,74.54499816894531,0.52380955,0.21428572
4702382,2025-2026,2026-01-22,37.0,23.054054,9.594595,3.5945945,8.1081085,44.33300018310547,1.5405406,4.027027,38.255032896995544,0.8648649,1.027027,84.21099853515625,0.8378378,0.21621622
4395702,2025-2026,2026-01-22,36.0,19.583334,9.555555,2.9444444,6.6666665,44.16699981689453,2.2222223,5.4444447,40.816327929496765,1.4444444,1.6944444,85.24600219726562,0.5,0.16666667
4578893,2025-2026,2026-01-22,42.0,23.404762,9.523809,3.2619047,7.071429,46.12799835205078,2.357143,5.547619,42.489269375801086,0.64285713,0.85714287,75.0,0.8333333,0.30952382
4592691,2025-2026,2026-01-22,42.0,27.333334,9.523809,3.4285715,7.404762,46.301998138427734,1.1666666,3.4761906,33.561643958091736,1.5,1.9761904,75.90399932861328,1.3095238,0.35714287
2528426,2025-2026,2026-01-22,44.0,19.522728,9.522727,3.5454545,8.340909,42.50699996948242,1.3181819,4.0,32.95454680919647,1.1136364,1.4318181,77.77799987792969,0.47727272,0.13636364
4601025,2025-2026,2026-01-22,36.0,23.0,9.5,3.3888888,7.1944447,47.104000091552734,0.9166667,2.8888888,31.730768084526062,1.8055556,2.4444444,73.86399841308594,0.5555556,0.22222222
4397189,2025-2026,2026-01-22,36.0,19.166666,9.444445,3.4166667,7.4444447,45.895999908447266,1.4166666,4.0833335,34.69387888908386,1.1944444,1.6388888,72.88099670410156,0.41666666,0.9166667
4684793,2025-2026,2026-01-22,43.0,22.465117,9.418605,3.511628,7.604651,46.176998138427734,0.81395346,2.6511629,30.70175349712372,1.5813954,2.2325583,70.83300018310547,0.6976744,0.4651163
4433137,2025-2026,2026-01-22,31.0,22.483871,9.354838,2.967742,7.129032,41.62900161743164,1.6129032,5.032258,32.05128312110901,1.8064516,2.064516,87.5,1.1612903,0.5483871
5106060,2025-2026,2026-01-22,45.0,23.2,9.244445,3.1111112,8.288889,37.534000396728516,1.5555556,4.3333335,35.89743673801422,1.4666667,1.8666667,78.57099914550781,0.6666667,0.35555556
4278053,2025-2026,2026-01-22,40.0,29.15,9.0,3.575,7.6,47.03900146484375,1.15,2.875,40.00000059604645,0.7,1.075,65.11599731445312,1.2,0.125
4278402,2025-2026,2026-01-22,41.0,21.609756,8.95122,3.4146342,8.390244,40.698001861572266,1.5121951,4.3170733,35.02824902534485,0.6097561,0.8292683,73.52899932861328,1.4390244,0.19512194
4065804,2025-2026,2026-01-22,42.0,23.071428,8.928572,3.047619,7.357143,41.42399978637695,2.6190476,6.5,40.29304087162018,0.21428572,0.23809524,90.0,0.5714286,0.30952382
3133602,2025-2026,2026-01-22,37.0,24.54054,8.918919,3.2972972,7.081081,46.564998626708984,1.8108108,4.7027025,38.50574791431427,0.5135135,0.5675676,90.47599792480469,0.5135135,0.08108108
4683766,2025-2026,2026-01-22,36.0,23.25,8.916667,3.3055556,6.4444447,51.29299926757812,0.4722222,1.4166666,33.33333432674408,1.8333334,2.8055556,65.34700012207031,0.75,0.33333334
6589,2025-2026,2026-01-22,37.0,26.756756,8.783784,3.2162163,7.4864864,42.959999084472656,1.4864864,4.4594593,33.33333432674408,0.8648649,1.2702702,68.08499908447266,0.8378378,0.7027027
4576060,2025-2026,2026-01-22,32.0,24.34375,8.65625,3.71875,4.84375,76.77400207519531,0.0,0.0625,0.0,1.21875,1.6875,72.22200012207031,0.625,1.53125
4065731,2025-2026,2026-01-22,45.0,19.933332,8.622222,3.1777778,6.7777777,46.8849983215332,1.3777778,4.3555555,31.63265287876129,0.8888889,1.0666667,83.33300018310547,0.46666667,2.088889
4397020,2025-2026,2026-01-22,35.0,26.942858,8.6,3.0285714,7.5142856,40.30400085449219,1.9142857,5.5142856,34.71502661705017,0.62857145,0.71428573,88.0,0.9142857,0.5714286
6477,2025-2026,2026-01-22,33.0,13.272727,8.484848,3.4848485,5.878788,59.27799987792969,0.09090909,0.36363637,25.0,1.4242424,1.8484849,77.04900360107422,0.21212122,0.6060606
4432822,2025-2026,2026-01-22,35.0,24.971428,8.428572,3.142857,6.6571426,47.209999084472656,1.0,3.057143,32.710281014442444,1.1428572,1.4857143,76.9229965209961,0.6,0.51428574
3899664,2025-2026,2026-01-22,41.0,16.512196,8.317073,2.6585367,6.731707,39.49300003051758,1.7560976,4.756098,36.92307770252228,1.2439024,1.5365853,80.9520034790039,0.46341464,0.14634146
2581018,2025-2026,2026-01-22,41.0,20.95122,8.292683,2.8536584,6.9512196,41.053001403808594,1.2195122,3.487805,34.96503531932831,1.3658537,1.4634147,93.33300018310547,0.8292683,0.19512194
4277843,2025-2026,2026-01-22,40.0,24.175,8.25,2.825,7.475,37.792999267578125,1.925,5.4,35.648149251937866,0.675,0.825,81.81800079345703,0.65,0.05
4683771,2025-2026,2026-01-22,40.0,20.8,8.225,3.0,7.3,41.09600067138672,0.625,2.6,24.038460850715637,1.6,2.05,78.04900360107422,1.375,0.35
3064560,2025-2026,2026-01-22,36.0,24.277779,8.222222,3.2222223,4.8333335,66.66699981689453,0.0,0.0,0.0,1.7777778,2.1666667,82.0510025024414,0.44444445,1.3333334
4870562,2025-2026,2026-01-22,32.0,24.25,8.1875,3.25,5.90625,55.02600097656249,0.375,1.5,25.0,1.3125,1.6875,77.77799987792969,0.875,0.71875
4997528,2025-2026,2026-01-22,33.0,18.90909,8.151515,2.6969697,7.181818,37.553001403808594,1.0909091,3.7272727,29.26829159259796,1.6666666,2.3030303,72.36799621582031,0.6666667,0.3939394
4593016,2025-2026,2026-01-22,45.0,18.022223,8.088889,3.0444446,6.888889,44.194000244140625,1.5777777,4.4888887,35.14851629734039,0.42222223,0.53333336,79.16699981689453,0.46666667,0.53333336
2990984,2025-2026,2026-01-22,38.0,17.0,8.078947,2.9210527,6.5526314,44.577999114990234,1.5789474,4.368421,36.14457845687866,0.65789473,0.7105263,92.59300231933594,0.84210527,0.15789473
2991139,2025-2026,2026-01-22,43.0,27.465117,8.0,3.0,6.162791,48.67900085449219,1.1162791,2.9534883,37.79527544975281,0.88372093,1.1162791,79.16699981689453,1.5116279,0.18604651
4433249,2025-2026,2026-01-22,40.0,24.55,7.95,3.025,4.9,61.73500061035156,0.0,0.0,0.0,1.9,2.925,64.95700073242188,0.75,1.05
2991043,2025-2026,2026-01-22,31.0,19.741936,7.935484,2.8387096,6.580645,43.137001037597656,1.0967742,3.2258065,34.00000035762787,1.1612903,1.7096775,67.92500305175781,0.9032258,0.6451613
4277869,2025-2026,2026-01-22,35.0,22.171429,7.9142857,2.8857143,6.8,42.4370002746582,1.6,4.428571,36.12903356552124,0.54285717,0.6571429,82.60900115966797,1.0,0.114285715
4432194,2025-2026,2026-01-22,40.0,18.075,7.9,3.05,5.025,60.696998596191406,0.15,0.75,20.000000298023224,1.65,2.45,67.34700012207031,0.975,0.45
5093267,2025-2026,2026-01-22,37.0,21.513514,7.756757,3.2162163,6.0,53.60400009155274,0.4054054,1.1621622,34.88371968269348,0.9189189,1.4324324,64.1510009765625,0.8648649,0.7027027
3913174,2025-2026,2026-01-22,40.0,20.375,7.75,2.75,5.25,52.38100051879883,1.55,3.275,47.328245639801025,0.7,0.75,93.33300018310547,0.8,0.05
4397179,2025-2026,2026-01-22,34.0,19.294117,7.7352943,2.8529413,7.0,40.75600051879883,1.4705882,4.147059,35.46099364757538,0.5588235,0.7647059,73.0770034790039,0.64705884,0.11764706
5107199,2025-2026,2026-01-22,34.0,16.264706,7.7058825,2.735294,6.352941,43.055999755859375,1.0,2.5,40.00000059604645,1.2352941,1.5588236,79.24500274658203,0.9705882,0.1764706
4431679,2025-2026,2026-01-22,38.0,20.894737,7.6842103,3.1578948,6.105263,51.72399902343749,0.39473686,1.1578947,34.090909361839294,0.9736842,1.8421053,52.85699844360352,0.81578946,0.57894737
3907823,2025-2026,2026-01-22,38.0,25.421053,7.631579,2.7894738,6.236842,44.72600173950195,0.84210527,2.5,33.68421196937561,1.2105263,1.4736842,82.14299774169922,0.7631579,0.2631579
4277951,2025-2026,2026-01-22,35.0,16.485714,7.571429,2.7142856,4.6,59.00600051879883,0.6857143,1.4571428,47.05882370471954,1.4571428,1.8,80.9520034790039,0.4,0.4857143
4433629,2025-2026,2026-01-22,31.0,20.580645,7.483871,3.1290324,6.870968,45.540000915527344,0.9677419,2.451613,39.47368562221527,0.2580645,0.3548387,72.72699737548828,0.22580644,0.0
4432241,2025-2026,2026-01-22,46.0,22.391304,7.347826,2.4565217,6.695652,36.6879997253418,1.2173913,3.6304348,33.53293538093567,1.2173913,1.5434783,78.87300109863281,1.0,0.13043478
4683692,2025-2026,2026-01-22,43.0,26.511627,7.3255816,2.7441862,6.6744184,41.1150016784668,1.3488373,3.7906976,35.58282256126404,0.4883721,0.6511628,75.0,2.0930233,0.23255815
2596112,2025-2026,2026-01-22,42.0,19.333334,7.3095236,2.5,5.571429,44.87200164794922,1.1428572,3.0952382,36.92307770252228,1.1666666,1.5,77.77799987792969,1.4047619,0.3809524
4896372,2025-2026,2026-01-22,39.0,18.333334,7.205128,2.3846154,5.8461537,40.78900146484375,1.0256411,3.2820513,31.25,1.4102564,1.4871795,94.8280029296875,0.5641026,0.20512821
4432907,2025-2026,2026-01-22,40.0,18.5,7.175,2.8,5.575,50.22399902343751,0.6,1.95,30.769231915473938,0.975,1.325,73.58499908447266,0.75,0.55
4897262,2025-2026,2026-01-22,40.0,19.275,7.075,2.525,5.175,48.79199981689453,1.15,3.125,36.800000071525574,0.875,1.075,81.3949966430664,1.025,0.125
6585,2025-2026,2026-01-22,35.0,20.028572,7.0571427,2.7428572,5.5142856,49.74100112915039,0.4857143,1.3428571,36.17021143436432,1.0857143,1.6571429,65.51699829101562,0.54285717,0.85714287
4065670,2025-2026,2026-01-22,44.0,24.477272,7.0,2.75,6.090909,45.14899826049805,0.45454547,1.4318181,31.74603283405304,1.0454545,1.3636364,76.66699981689453,0.95454544,0.25
4432170,2025-2026,2026-01-22,32.0,17.59375,6.9375,2.75,4.71875,58.27799987792969,0.0,0.03125,0.0,1.4375,1.96875,73.01599884033203,0.65625,0.75
4868423,2025-2026,2026-01-22,31.0,12.290322,6.935484,2.3225806,5.83871,39.77899932861328,1.3870968,3.7419355,37.068966031074524,0.9032258,1.1290323,80.0,0.22580644,0.06451613
4997537,2025-2026,2026-01-22,30.0,11.4,6.9,2.3333333,5.133333,45.45500183105469,0.4,2.0,20.000000298023224,1.8333334,2.4,76.38899993896484,0.26666668,0.6666667
4702352,2025-2026,2026-01-22,35.0,20.571428,6.6285715,2.3714285,5.457143,43.45500183105469,0.9714286,2.6,37.36263811588287,0.9142857,1.0571429,86.48600006103516,0.62857145,0.114285715
5106258,2025-2026,2026-01-22,46.0,16.304348,6.5869565,2.3043478,5.521739,41.731998443603516,0.8913044,2.9782608,29.927006363868713,1.0869565,1.2826087,84.74600219726562,0.67391306,0.10869565
4592492,2025-2026,2026-01-22,35.0,13.685715,6.542857,2.3714285,5.2,45.604000091552734,1.1428572,3.1714287,36.03603541851044,0.6571429,0.9142857,71.875,0.4857143,0.22857143
4888725,2025-2026,2026-01-22,37.0,20.972973,6.5135136,2.5945945,5.7297297,45.28300094604492,0.8378378,2.6216216,31.95876181125641,0.4864865,0.7027027,69.23100280761719,0.9459459,0.4864865
4431687,2025-2026,2026-01-22,39.0,18.435898,6.5128207,2.2564104,6.025641,37.446998596191406,1.2820513,3.2307692,39.68254029750824,0.71794873,1.051282,68.29299926757812,0.71794873,0.25641027
4433076,2025-2026,2026-01-22,34.0,22.735294,6.4117646,2.235294,5.970588,37.4379997253418,1.1764706,3.735294,31.496062874794006,0.7647059,1.0,76.47100067138672,0.5882353,0.11764706
5037873,2025-2026,2026-01-22,31.0,19.161291,6.387097,2.2903225,5.129032,44.65399932861328,0.7741935,2.516129,30.769231915473938,1.032258,1.1612903,88.88899993896484,0.58064514,0.16129032
4397077,2025-2026,2026-01-22,34.0,17.617647,6.3235292,2.5588236,3.3235295,76.99099731445312,0.029411765,0.029411765,100.0,1.1764706,1.882353,62.5,0.3529412,0.5882353
5081727,2025-2026,2026-01-22,39.0,21.461538,6.282051,2.0769231,5.25641,39.512001037597656,1.1025641,3.3076923,33.33333432674408,1.0256411,1.4358975,71.42900085449219,0.6923077,0.30769232
4592427,2025-2026,2026-01-22,39.0,23.0,6.25641,2.2820513,4.3846154,52.047000885009766,1.0256411,2.5641026,40.00000059604645,0.6666667,1.051282,63.415000915527344,0.8974359,0.3846154
3448,2025-2026,2026-01-22,36.0,16.972221,6.25,2.1111112,5.9722223,35.3489990234375,1.4166666,4.388889,32.278481125831604,0.6111111,0.7222222,84.61499786376953,0.5,1.0
5106268,2025-2026,2026-01-22,34.0,16.058823,6.1764708,2.4705882,5.2058825,47.45800018310547,0.4117647,1.882353,21.875,0.8235294,1.1470588,71.79499816894531,0.7058824,0.6764706
4348700,2025-2026,2026-01-22,38.0,16.842106,6.1578946,2.5526316,3.7105262,68.79399871826172,0.05263158,0.2631579,20.000000298023224,1.0,1.3684211,73.0770034790039,0.7894737,1.2368422
4602025,2025-2026,2026-01-22,44.0,25.272728,6.1363635,1.8863636,4.909091,38.42599868774414,1.0454545,2.909091,35.9375,1.3181819,1.5227273,86.56700134277344,0.6136364,0.38636363
4684272,2025-2026,2026-01-22,37.0,17.675676,6.135135,2.108108,4.891892,43.09400177001953,1.1891892,3.2432432,36.666667461395264,0.7297297,0.972973,75.0,0.8648649,0.16216215
4683778,2025-2026,2026-01-22,31.0,16.741936,6.129032,2.2258065,6.290323,35.3849983215332,0.9677419,3.0,32.258063554763794,0.7096774,0.8064516,88.0,0.7096774,0.032258064
4594326,2025-2026,2026-01-22,34.0,25.705883,6.0882354,2.2941177,5.147059,44.57099914550781,0.5882353,2.2941177,25.641027092933655,0.9117647,1.2352941,73.80999755859375,1.1764706,0.4117647
4066993,2025-2026,2026-01-22,43.0,16.627907,6.0697675,2.0465117,4.883721,41.904998779296875,0.6744186,2.0465117,32.95454680919647,1.3023256,1.6046512,81.15899658203125,1.4186046,0.30232558
2991350,2025-2026,2026-01-22,32.0,18.1875,6.0625,2.1875,5.25,41.66699981689453,0.96875,3.21875,30.09708821773529,0.71875,0.875,82.14299774169922,1.40625,0.375
3922230,2025-2026,2026-01-22,30.0,14.0,5.9666667,1.9333333,4.8333335,40.0,1.2666667,3.3333333,37.99999952316284,0.8333333,0.96666664,86.20700073242188,0.43333334,0.13333334
4683689,2025-2026,2026-01-22,38.0,19.105263,5.868421,2.2368422,4.0263157,55.555999755859375,0.7368421,1.7105263,43.07692348957062,0.65789473,0.81578946,80.6449966430664,0.8947368,0.47368422
2991235,2025-2026,2026-01-22,32.0,22.8125,5.84375,2.1875,4.34375,50.36000061035156,0.0,0.0,0.0,1.46875,2.53125,58.025001525878906,0.6875,0.625
4278562,2025-2026,2026-01-22,31.0,12.193548,5.774194,2.483871,4.193548,59.23099899291992,0.22580644,0.6451613,34.99999940395355,0.58064514,1.032258,56.25,0.9032258,0.61290324
3912848,2025-2026,2026-01-22,36.0,22.61111,5.5833335,1.8888888,4.8333335,39.08000183105469,1.1388888,3.5833333,31.78294599056244,0.6666667,0.8888889,75.0,0.6944444,0.3888889
5061589,2025-2026,2026-01-22,38.0,18.763159,5.5,2.368421,4.3157897,54.87799835205078,0.0,0.02631579,0.0,0.7631579,1.2894737,59.18399810791015,0.34210527,1.3157895
4065663,2025-2026,2026-01-22,41.0,19.463415,5.4634147,1.902439,4.390244,43.33300018310547,0.902439,2.3658535,38.14432919025421,0.75609756,1.1707317,64.58300018310547,0.9512195,0.19512194
4601023,2025-2026,2026-01-22,44.0,19.931818,5.431818,2.3863637,3.8636363,61.76499938964844,0.0,0.022727273,0.0,0.65909094,1.3181819,50.0,0.95454544,0.54545456
4895758,2025-2026,2026-01-22,31.0,17.225807,5.322581,2.2903225,5.0,45.805999755859375,0.38709676,1.7741935,21.81818187236786,0.3548387,0.61290324,57.895000457763665,0.3548387,0.29032257
4702384,2025-2026,2026-01-22,41.0,18.658537,5.292683,2.0243902,5.0731707,39.90399932861328,0.68292683,2.317073,29.47368323802948,0.5609756,0.8292683,67.64700317382812,0.5609756,0.29268292
4702177,2025-2026,2026-01-22,39.0,17.307692,5.282051,1.8205128,4.74359,38.37799835205078,1.1538461,3.2307692,35.71428656578064,0.4871795,0.7692308,63.33300018310547,1.1282052,0.4871795
4873201,2025-2026,2026-01-22,33.0,10.636364,5.151515,2.030303,3.6363637,55.83300018310546,0.75757575,1.7272727,43.85964870452881,0.33333334,0.6060606,55.00000000000001,0.36363637,0.33333334
5144126,2025-2026,2026-01-22,34.0,13.764706,5.0882354,1.8529412,4.529412,40.909000396728516,0.38235295,1.6470588,23.21428507566452,1.0,1.2058823,82.927001953125,0.4117647,0.11764706
4684806,2025-2026,2026-01-22,31.0,15.032258,5.032258,1.7741935,3.7741935,47.00899887084961,0.7419355,2.032258,36.50793731212616,0.7419355,0.9677419,76.66699981689453,0.41935483,0.2580645
3134903,2025-2026,2026-01-22,42.0,12.666667,5.0,2.2380953,4.071429,54.97100067138672,0.33333334,1.1190476,29.787233471870422,0.1904762,0.33333334,57.14300155639649,0.54761904,0.30952382
4997538,2025-2026,2026-01-22,33.0,12.757576,5.0,2.1515152,3.4242425,62.832000732421875,0.45454547,1.060606,42.85714328289032,0.24242425,0.45454547,53.33300018310547,0.24242425,0.75757575
4432185,2025-2026,2026-01-22,38.0,16.078947,4.9473686,2.0789473,5.131579,40.51300048828125,0.5,1.8684211,26.760563254356384,0.28947368,0.39473686,73.33300018310547,0.7368421,0.15789473
4433225,2025-2026,2026-01-22,39.0,13.282051,4.8717947,1.9743589,4.5897436,43.016998291015625,0.64102566,1.948718,32.894736528396606,0.2820513,0.41025642,68.75,0.43589744,0.07692308
4701233,2025-2026,2026-01-22,40.0,17.675,4.85,1.95,4.175,46.707000732421875,0.575,1.425,40.35087823867798,0.375,0.65,57.69200134277344,0.95,0.65
4278077,2025-2026,2026-01-22,33.0,19.787878,4.848485,1.8484849,3.8484848,48.03099822998047,0.4848485,1.6060606,30.188679695129395,0.6666667,0.93939394,70.96800231933594,0.7878788,0.36363637
4351852,2025-2026,2026-01-22,31.0,19.258064,4.83871,2.096774,3.096774,67.70800018310547,0.0,0.0,0.0,0.6451613,1.7096775,37.736000061035156,0.83870965,1.1935484
4711297,2025-2026,2026-01-22,33.0,14.363636,4.818182,1.6969697,4.4242425,38.35599899291992,0.969697,2.909091,33.33333432674408,0.45454547,0.5151515,88.23500061035156,0.6363636,0.24242425
3195,2025-2026,2026-01-22,38.0,18.605263,4.7894735,1.3947369,4.0789475,34.194000244140625,1.0263158,3.0263157,33.91304314136505,0.9736842,1.1052631,88.09500122070312,0.57894737,0.18421052
4897943,2025-2026,2026-01-22,36.0,12.5,4.7777777,1.8333334,4.1944447,43.70899963378906,0.8055556,2.5277777,31.868132948875427,0.30555555,0.44444445,68.75,0.22222222,0.25
4712863,2025-2026,2026-01-22,44.0,16.136364,4.7272725,1.8636364,4.2272725,44.08599853515625,0.5,1.8181819,27.500000596046448,0.5,0.84090906,59.45899963378907,0.8181818,0.5681818
3416,2025-2026,2026-01-22,42.0,20.166666,4.714286,1.5238096,3.8095238,40.0,1.4523809,3.6190476,40.13157784938812,0.21428572,0.26190478,81.81800079345703,0.8095238,0.42857143
4397018,2025-2026,2026-01-22,37.0,16.378378,4.4864864,1.7567568,4.2702703,41.138999938964844,0.3243243,1.6486486,19.672131538391113,0.6486486,0.7297297,88.88899993896484,0.43243244,0.27027026
4431690,2025-2026,2026-01-22,31.0,13.096774,4.483871,1.5806452,3.1612904,50.0,0.32258064,1.1612903,27.77777910232544,1.0,1.2258065,81.5790023803711,0.41935483,0.48387095
4431684,2025-2026,2026-01-22,32.0,11.875,4.34375,1.75,2.9375,59.57400131225587,0.03125,0.03125,100.0,0.8125,1.4375,56.52199935913086,0.3125,0.5625
4683750,2025-2026,2026-01-22,35.0,14.085714,4.285714,1.5428572,4.8285713,31.952999114990234,0.8,2.6571429,30.1075279712677,0.4,0.51428574,77.77799987792969,0.22857143,0.2
4279118,2025-2026,2026-01-22,36.0,12.222222,4.1944447,1.5555556,3.6944444,42.10499954223633,0.9166667,2.2777777,40.243902802467346,0.16666667,0.30555555,54.54499816894531,0.5833333,0.1388889
5105637,2025-2026,2026-01-22,33.0,17.09091,4.181818,1.4545455,2.4545455,59.25899887084961,0.060606062,0.15151516,40.00000059604645,1.2121212,1.7878788,67.7969970703125,0.33333334,1.4242424
4432247,2025-2026,2026-01-22,41.0,14.097561,4.1463413,1.4634147,3.3658535,43.47800064086914,0.41463414,1.3902439,29.82456088066101,0.80487806,1.2439024,64.70600128173828,0.7804878,0.17073171
4065673,2025-2026,2026-01-22,37.0,11.243243,4.081081,1.5945946,2.8648648,55.65999984741211,0.027027028,0.054054055,50.0,0.8648649,1.1621622,74.41899871826172,0.16216215,0.1891892
5175647,2025-2026,2026-01-22,38.0,14.868421,3.9473684,1.6052631,3.2368422,49.59299850463867,0.5,1.3947369,35.84905564785004,0.23684211,0.4473684,52.941001892089844,0.57894737,0.2631579
4432446,2025-2026,2026-01-22,40.0,12.725,3.9,1.375,3.3,41.66699981689453,0.35,1.425,24.561403691768646,0.8,1.1,72.72699737548828,0.325,0.275
4997536,2025-2026,2026-01-22,34.0,11.3529415,3.7058823,1.2941177,2.764706,46.808998107910156,0.64705884,1.7647059,36.666667461395264,0.47058824,0.7058824,66.66699981689453,0.44117647,0.1764706
3102529,2025-2026,2026-01-22,35.0,11.3714285,3.6571429,1.6285714,2.9714286,54.80799865722656,0.0,0.0,0.0,0.4,0.74285716,53.84600067138672,0.51428574,0.6571429
4684275,2025-2026,2026-01-22,32.0,9.75,3.625,1.40625,4.15625,33.834999084472656,0.34375,0.96875,35.48386991024017,0.46875,0.625,75.0,0.53125,0.09375
4431893,2025-2026,2026-01-22,33.0,8.757576,3.4848485,1.3333334,2.4545455,54.32099914550781,0.6363636,1.4242424,44.68085169792175,0.18181819,0.27272728,66.66699981689453,0.15151516,0.060606062
3135046,2025-2026,2026-01-22,42.0,16.071428,3.0952382,1.1666666,3.3809524,34.50699996948242,0.61904764,2.1904762,28.260868787765503,0.14285715,0.14285715,100.0,0.7380952,0.071428575
4593841,2025-2026,2026-01-22,38.0,12.342105,2.9473684,1.0526316,2.1842105,48.19300079345703,0.7368421,1.7368422,42.424243688583374,0.10526316,0.13157895,80.0,0.55263156,0.05263158
4066268,2025-2026,2026-01-22,32.0,8.0625,2.9375,1.03125,2.3125,44.595001220703125,0.71875,1.71875,41.81818068027496,0.15625,0.1875,83.33300018310547,0.15625,0.25
4017844,2025-2026,2026-01-22,37.0,9.405405,2.9189188,1.081081,2.7567568,39.215999603271484,0.5405405,1.7567568,30.769231915473938,0.21621622,0.3243243,66.66699981689453,0.10810811,0.13513513
4065654,2025-2026,2026-01-22,35.0,10.2,2.9142857,1.0,2.2571428,44.30400085449219,0.17142858,0.8857143,19.354838132858276,0.74285716,1.2285714,60.46500015258789,0.37142858,0.51428574
4277922,2025-2026,2026-01-22,31.0,14.0,2.903226,1.3225807,1.5806452,83.6729965209961,0.0,0.0,0.0,0.2580645,0.41935483,61.5379981994629,0.19354838,0.16129032
5099752,2025-2026,2026-01-22,37.0,11.621622,2.7297297,1.081081,2.891892,37.382999420166016,0.3783784,1.3513514,28.00000011920929,0.1891892,0.3243243,58.33300018310547,0.5135135,0.054054055
2999547,2025-2026,2026-01-22,33.0,14.454545,2.7272727,0.969697,1.9090909,50.793998718261726,0.57575756,1.1515151,50.0,0.21212122,0.21212122,100.0,0.6060606,0.15151516
3138160,2025-2026,2026-01-22,37.0,11.594595,2.5135136,1.0,2.2702703,44.04800033569336,0.13513513,0.6216216,21.739129722118378,0.3783784,0.6216216,60.86999893188476,0.6216216,0.13513513
5061568,2025-2026,2026-01-22,34.0,8.058824,2.3235295,0.85294116,2.5588236,33.33300018310547,0.32352942,1.3235294,24.444444477558136,0.29411766,0.3529412,83.33300018310547,0.1764706,0.11764706
5289900,2025-2026,2026-01-22,36.0,5.0833335,1.9166666,0.7222222,1.8055556,40.0,0.3888889,1.0,38.88888955116272,0.083333336,0.16666667,50.0,0.22222222,0.11111111
6450,2025-2026,2026-01-22,30.0,33.766666,28.233334,9.733334,19.566668,49.74399948120117,2.9,7.266667,39.90825712680817,5.866667,6.233333,94.11799621582031,2.2333333,0.6333333
3032977,2025-2026,2026-01-22,29.0,29.103449,28.172413,10.689655,16.51724,64.71800231933594,0.51724136,1.3103448,39.47368562221527,6.275862,9.724138,64.53900146484375,0.9310345,0.7586207
5104157,2025-2026,2026-01-22,30.0,28.7,24.4,8.433333,16.666666,50.59999847412109,1.8,4.733333,38.02816867828369,5.733333,6.8,84.31400299072266,0.8333333,2.5333333
4566434,2025-2026,2026-01-22,26.0,32.846153,22.192308,7.6153846,15.807693,48.17499923706055,1.5,4.076923,36.79245412349701,5.4615383,6.6153846,82.55799865722656,1.0769231,0.34615386
4395628,2025-2026,2026-01-22,30.0,28.8,21.9,8.133333,13.966666,58.23400115966797,0.0,0.1,0.0,5.633333,8.033334,70.1240005493164,1.1333333,0.56666666
4433287,2025-2026,2026-01-22,27.0,30.148148,20.0,7.0,16.814816,41.630001068115234,2.8888888,8.074074,35.779815912246704,3.1111112,3.7037036,84.0,0.962963,1.0
2991070,2025-2026,2026-01-22,28.0,29.785715,19.892857,5.928571,13.535714,43.79899978637695,2.4642856,6.25,39.42857086658478,5.571429,6.5,85.71399688720703,0.6785714,0.64285713
4871145,2025-2026,2026-01-22,30.0,32.8,19.233334,6.6666665,14.3,46.619998931884766,1.8666667,4.8333335,38.62068951129913,4.0333333,5.3,76.10099792480469,0.93333334,0.36666667
3135045,2025-2026,2026-01-22,27.0,29.407408,16.25926,5.4444447,13.074074,41.643001556396484,3.4074075,9.0,37.86008358001709,1.962963,2.3333333,84.12699890136719,1.4814814,0.33333334
6440,2025-2026,2026-01-22,27.0,27.518518,13.592592,5.0,10.851851,46.07500076293945,1.3703704,4.0740743,33.636364340782166,2.2222223,2.5925925,85.71399688720703,0.7407407,0.25925925
3138196,2025-2026,2026-01-22,28.0,30.607143,11.678572,4.035714,8.75,46.12200164794922,1.9285715,4.5,42.85714328289032,1.6785715,2.0714285,81.03399658203125,0.60714287,0.2857143
4397183,2025-2026,2026-01-22,31.0,23.161291,10.387096,3.935484,8.67742,45.35300064086914,1.8387097,4.709677,39.04109597206116,0.67741936,0.9354839,72.41400146484375,0.83870965,0.6451613
6609,2025-2026,2026-01-22,29.0,24.344828,9.827586,3.6551723,8.5172415,42.915000915527344,0.8965517,2.7586207,32.499998807907104,1.6206896,1.9655173,82.45600128173828,0.7586207,0.27586207
4433218,2025-2026,2026-01-22,27.0,17.074074,8.37037,3.074074,6.6666665,46.111000061035156,1.1851852,3.2592592,36.36363744735718,1.037037,1.3333334,77.77799987792969,0.4814815,0.37037036
4278049,2025-2026,2026-01-22,29.0,20.758621,7.827586,3.0344827,4.827586,62.856998443603516,0.0,0.0,0.0,1.7586207,2.310345,76.11900329589844,0.79310346,1.3103448
4432819,2025-2026,2026-01-22,28.0,16.892857,7.785714,2.9642856,7.964286,37.220001220703125,1.3214285,4.107143,32.1739137172699,0.53571427,0.60714287,88.23500061035156,0.5,0.10714286
5107173,2025-2026,2026-01-22,28.0,19.107143,7.678571,2.75,6.964286,39.48699951171875,1.1785715,3.2142856,36.666667461395264,1.0,1.2142857,82.35299682617188,0.64285713,0.35714287
4576086,2025-2026,2026-01-22,29.0,19.413794,7.62069,2.5172415,5.275862,47.71200180053711,0.82758623,1.8965517,43.63636374473572,1.7586207,2.310345,76.11900329589844,0.5862069,0.10344828
4397227,2025-2026,2026-01-22,28.0,21.607143,7.571429,2.607143,7.5,34.762001037597656,1.3214285,4.464286,29.600000381469727,1.0357143,1.25,82.85700225830078,0.75,0.4642857
4432809,2025-2026,2026-01-22,30.0,15.033334,6.8,2.8666666,6.4333334,44.560001373291016,0.6333333,1.9666667,32.20339119434357,0.43333334,0.73333335,59.090999603271484,0.6,0.3
4687718,2025-2026,2026-01-22,29.0,17.586206,6.3448277,2.275862,4.5172415,50.38199996948243,1.1034483,2.5172415,43.83561611175537,0.6896552,0.8965517,76.9229965209961,0.82758623,0.37931034
5211176,2025-2026,2026-01-22,28.0,16.357143,6.285714,2.2857144,4.535714,50.39400100708008,0.96428573,2.3214285,41.53846204280853,0.75,1.0714285,70.0,0.39285713,0.25
4398390,2025-2026,2026-01-22,29.0,17.931034,6.206897,2.3793104,5.2413793,45.39500045776367,1.2068965,2.8275862,42.68292784690857,0.2413793,0.2413793,100.0,0.3448276,0.10344828
5239561,2025-2026,2026-01-22,29.0,12.068966,6.034483,2.275862,4.448276,51.1629981994629,0.7586207,1.7931035,42.307692766189575,0.7241379,1.0344827,70.0,0.27586207,0.06896552
4066211,2025-2026,2026-01-22,30.0,15.933333,6.0333333,2.6666667,3.6666667,72.72699737548828,0.1,0.36666667,27.272728085517883,0.6,0.8,75.0,0.6,1.2666667
4432823,2025-2026,2026-01-22,30.0,17.9,5.7,1.8,4.9,36.73500061035156,1.1666666,3.8333333,30.434781312942505,0.93333334,1.3,71.79499816894531,0.6,0.5
5157066,2025-2026,2026-01-22,27.0,17.296297,5.4074073,2.074074,4.037037,51.375999450683594,0.7777778,2.0,38.88888955116272,0.4814815,1.037037,46.42900085449219,0.5555556,0.18518518
4592714,2025-2026,2026-01-22,30.0,13.7,5.4,2.0666666,5.0666666,40.78900146484375,0.56666666,1.5666667,36.17021143436432,0.7,0.8,87.5,0.6,0.033333335
3914285,2025-2026,2026-01-22,30.0,14.0,5.233333,2.2,3.6666667,60.0,0.033333335,0.13333334,25.0,0.8,1.4333333,55.81399917602538,0.4,0.6333333
4592435,2025-2026,2026-01-22,31.0,11.064516,5.129032,2.096774,3.967742,52.84600067138672,0.6451613,1.8387097,35.087719559669495,0.29032257,0.5483871,52.941001892089844,0.19354838,0.516129
4431714,2025-2026,2026-01-22,29.0,13.724138,5.0689654,1.5862069,4.206897,37.70500183105469,0.9310345,2.6551723,35.0649356842041,0.9655172,1.2758621,75.6760025024414,0.31034482,0.06896552
5214637,2025-2026,2026-01-22,27.0,13.888889,4.962963,1.7777778,4.0740743,43.63600158691406,0.7037037,1.6666666,42.222222685813904,0.7037037,1.1481482,61.290000915527344,0.5185185,0.44444445
4066421,2025-2026,2026-01-22,30.0,21.2,4.9333334,1.6333333,5.366667,30.43499946594238,1.2,4.4333334,27.067670226097107,0.46666667,0.6666667,70.0,1.2333333,0.26666668
5023693,2025-2026,2026-01-22,31.0,10.741936,4.806452,1.6451613,4.548387,36.16999816894531,0.9032258,2.8709676,31.460675597190857,0.61290324,0.7419355,82.60900115966797,0.32258064,0.0
5105806,2025-2026,2026-01-22,27.0,10.740741,4.6296296,1.5925926,4.3333335,36.75199890136719,0.8888889,2.7037036,32.87671208381653,0.5555556,0.5925926,93.75,0.14814815,0.14814815
3934723,2025-2026,2026-01-22,31.0,9.096774,4.580645,1.6451613,3.1612904,52.04100036621093,0.516129,1.516129,34.04255211353302,0.7741935,0.9354839,82.75900268554688,0.22580644,0.38709676
5239590,2025-2026,2026-01-22,27.0,12.444445,4.259259,1.2592592,3.1851852,39.53499984741211,0.8148148,2.148148,37.931033968925476,0.9259259,1.1481482,80.6449966430664,0.18518518,0.11111111
4845363,2025-2026,2026-01-22,29.0,10.137931,3.689655,1.1724138,2.9310346,40.0,0.3448276,1.2413793,27.77777910232544,1.0,1.3448275,74.35900115966797,0.27586207,0.06896552
2489663,2025-2026,2026-01-22,27.0,9.592592,3.5185184,1.2222222,2.5185184,48.52899932861328,0.33333334,1.3333334,25.0,0.7407407,1.1111112,66.66699981689453,0.44444445,0.037037037
4278076,2025-2026,2026-01-22,28.0,9.071428,3.1785715,1.25,2.5357144,49.29600143432617,0.0,0.0,0.0,0.6785714,1.0,67.85700225830078,0.14285715,0.5
4433159,2025-2026,2026-01-22,28.0,10.142858,3.107143,1.2142857,2.7857144,43.59000015258789,0.4642857,1.2142857,38.235294818878174,0.21428572,0.39285713,54.54499816894531,0.64285713,0.2857143
2531367,2025-2026,2026-01-22,30.0,14.233334,3.0666666,0.96666664,1.4333333,67.44200134277344,0.0,0.0,0.0,1.1333333,1.7666667,64.1510009765625,0.53333336,0.36666667
3134932,2025-2026,2026-01-22,26.0,13.346154,3.0,1.1538461,2.3076923,50.0,0.3846154,1.2307693,31.25,0.30769232,0.5,61.5379981994629,1.0,0.34615386
4431752,2025-2026,2026-01-22,28.0,9.357142,2.857143,0.9285714,2.5714285,36.111000061035156,0.35714287,1.5357143,23.255814611911774,0.64285713,0.78571427,81.81800079345703,0.25,0.071428575
5105553,2025-2026,2026-01-22,30.0,9.7,2.7666667,1.0666667,2.5,42.66699981689453,0.46666667,1.4666667,31.81818127632141,0.16666667,0.2,83.33300018310547,0.5,0.2
3136777,2025-2026,2026-01-22,25.0,7.68,2.6,1.12,2.16,51.85200119018555,0.24,0.68,35.29411852359772,0.12,0.12,100.0,0.2,0.12
4706557,2025-2026,2026-01-22,29.0,4.965517,1.8275862,0.55172414,1.5862069,34.78300094604492,0.4827586,1.4137931,34.14634168148041,0.2413793,0.2413793,100.0,0.10344828,0.03448276
4871141,2025-2026,2026-01-22,29.0,9.068966,1.6206896,0.5862069,1.137931,51.514999389648445,0.0,0.03448276,0.0,0.44827586,0.6896552,65.0,0.1724138,0.5862069
